Titles,Prices,Discount Prices,URLs
Oukitel WP20 Pro,0 ден,15.999 ден,https://clevershop.mk/product-category/mobilni-laptopi-i-tableti/page/1/
Oukitel WP20 Pro,0 ден,31.990 ден,https://clevershop.mk/product-category/mobilni-laptopi-i-tableti/page/2/
Oukitel WP20 Pro,0 ден,47.990 ден,https://clevershop.mk/product-category/mobilni-laptopi-i-tableti/page/3/
Oukitel WP20 Pro,0 ден,,https://clevershop.mk/product-category/mobilni-laptopi-i-tableti/page/4/
Oukitel WP20 Pro,0 ден,,https://clevershop.mk/product-category/mobilni-laptopi-i-tableti/page/5/
Oukitel WP20 Pro,0 ден,9.990 ден,https://clevershop.mk/product-category/mobilni-laptopi-i-tableti/page/6/
Oukitel WP20 Pro,0 ден,,https://clevershop.mk/product-category/mobilni-laptopi-i-tableti/page/7/
Oukitel WP20 Pro,0 ден,49.990 ден,https://clevershop.mk/product-category/mobilni-laptopi-i-tableti/page/8/
Oukitel WP20 Pro,0 ден,8.490 ден,https://clevershop.mk/product-category/mobilni-laptopi-i-tableti/page/9/
Oukitel WP20 Pro,0 ден,19.990 ден,https://clevershop.mk/product-category/mobilni-laptopi-i-tableti/page/10/
Oukitel WP20 Pro,0 ден,43.990 ден,https://clevershop.mk/product-category/mobilni-laptopi-i-tableti/page/11/
Oukitel WP20 Pro,0 ден,13.990 ден,https://clevershop.mk/product-category/mobilni-laptopi-i-tableti/page/12/
Oukitel WP20 Pro,0 ден,19.990 ден,https://clevershop.mk/product-category/mobilni-laptopi-i-tableti/page/13/
Oukitel WP20 Pro,0 ден,,https://clevershop.mk/product-category/mobilni-laptopi-i-tableti/page/14/
