,Product Name,Product Code,Regular Price,Happy Price,Discount,Page Link,Image Link
0,TCL 55P635,Шифра: 76123,"37,999 Ден.","20,999 Ден.",-45%,https://setec.mk/tcl-55p63576123,https://setec.mk/image/cache/catalog/Product/76123_0-220x220.jpg
1,TCL 55P635,Шифра: 76123,"37,999 Ден.","20,999 Ден.",-45%,https://setec.mk/tcl-55p63576123,https://setec.mk/image/cache/catalog/Product/76123_0-220x220.jpg
2,TCL 55P635,Шифра: 76123,"37,999 Ден.","20,999 Ден.",-45%,https://setec.mk/tcl-55p63576123,https://setec.mk/image/cache/catalog/Product/76123_0-220x220.jpg
3,TCL 55P635,Шифра: 76123,"37,999 Ден.","20,999 Ден.",-45%,https://setec.mk/tcl-55p63576123,https://setec.mk/image/cache/catalog/Product/76123_0-220x220.jpg
4,TCL 55P635,Шифра: 76123,"37,999 Ден.","20,999 Ден.",-45%,https://setec.mk/tcl-55p63576123,https://setec.mk/image/cache/catalog/Product/76123_0-220x220.jpg
5,TCL 55P635,Шифра: 76123,"37,999 Ден.","20,999 Ден.",-45%,https://setec.mk/tcl-55p63576123,https://setec.mk/image/cache/catalog/Product/76123_0-220x220.jpg
6,TCL 55P635,Шифра: 76123,"37,999 Ден.","20,999 Ден.",-45%,https://setec.mk/tcl-55p63576123,https://setec.mk/image/cache/catalog/Product/76123_0-220x220.jpg
7,TCL 55P635,Шифра: 76123,"37,999 Ден.","20,999 Ден.",-45%,https://setec.mk/tcl-55p63576123,https://setec.mk/image/cache/catalog/Product/76123_0-220x220.jpg
8,TCL 55P635,Шифра: 76123,"37,999 Ден.","20,999 Ден.",-45%,https://setec.mk/tcl-55p63576123,https://setec.mk/image/cache/catalog/Product/76123_0-220x220.jpg
9,TCL 55P635,Шифра: 76123,"37,999 Ден.","20,999 Ден.",-45%,https://setec.mk/tcl-55p63576123,https://setec.mk/image/cache/catalog/Product/76123_0-220x220.jpg
10,TCL 55P635,Шифра: 76123,"37,999 Ден.","20,999 Ден.",-45%,https://setec.mk/tcl-55p63576123,https://setec.mk/image/cache/catalog/Product/76123_0-220x220.jpg
11,TCL 55P635,Шифра: 76123,"37,999 Ден.","20,999 Ден.",-45%,https://setec.mk/tcl-55p63576123,https://setec.mk/image/cache/catalog/Product/76123_0-220x220.jpg
12,TCL 55P635,Шифра: 76123,"37,999 Ден.","20,999 Ден.",-45%,https://setec.mk/tcl-55p63576123,https://setec.mk/image/cache/catalog/Product/76123_0-220x220.jpg
13,TCL 55P635,Шифра: 76123,"37,999 Ден.","20,999 Ден.",-45%,https://setec.mk/tcl-55p63576123,https://setec.mk/image/cache/catalog/Product/76123_0-220x220.jpg
14,TCL 55P635,Шифра: 76123,"37,999 Ден.","20,999 Ден.",-45%,https://setec.mk/tcl-55p63576123,https://setec.mk/image/cache/catalog/Product/76123_0-220x220.jpg
15,TCL 55P635,Шифра: 76123,"37,999 Ден.","20,999 Ден.",-45%,https://setec.mk/tcl-55p63576123,https://setec.mk/image/cache/catalog/Product/76123_0-220x220.jpg
16,TCL 55P635,Шифра: 76123,"37,999 Ден.","20,999 Ден.",-45%,https://setec.mk/tcl-55p63576123,https://setec.mk/image/cache/catalog/Product/76123_0-220x220.jpg
17,TCL 55P635,Шифра: 76123,"37,999 Ден.","20,999 Ден.",-45%,https://setec.mk/tcl-55p63576123,https://setec.mk/image/cache/catalog/Product/76123_0-220x220.jpg
18,TCL 55P635,Шифра: 76123,"37,999 Ден.","20,999 Ден.",-45%,https://setec.mk/tcl-55p63576123,https://setec.mk/image/cache/catalog/Product/76123_0-220x220.jpg
19,TCL 55P635,Шифра: 76123,"37,999 Ден.","20,999 Ден.",-45%,https://setec.mk/tcl-55p63576123,https://setec.mk/image/cache/catalog/Product/76123_0-220x220.jpg
20,TCL 55P635,Шифра: 76123,"37,999 Ден.","20,999 Ден.",-45%,https://setec.mk/tcl-55p63576123,https://setec.mk/image/cache/catalog/Product/76123_0-220x220.jpg
21,TCL 55P635,Шифра: 76123,"37,999 Ден.","20,999 Ден.",-45%,https://setec.mk/tcl-55p63576123,https://setec.mk/image/cache/catalog/Product/76123_0-220x220.jpg
22,TCL 55P635,Шифра: 76123,"37,999 Ден.","20,999 Ден.",-45%,https://setec.mk/tcl-55p63576123,https://setec.mk/image/cache/catalog/Product/76123_0-220x220.jpg
23,TCL 55P635,Шифра: 76123,"37,999 Ден.","20,999 Ден.",-45%,https://setec.mk/tcl-55p63576123,https://setec.mk/image/cache/catalog/Product/76123_0-220x220.jpg
24,TCL 55P635,Шифра: 76123,"37,999 Ден.","20,999 Ден.",-45%,https://setec.mk/tcl-55p63576123,https://setec.mk/image/cache/catalog/Product/76123_0-220x220.jpg
25,TCL 55P635,Шифра: 76123,"37,999 Ден.","20,999 Ден.",-45%,https://setec.mk/tcl-55p63576123,https://setec.mk/image/cache/catalog/Product/76123_0-220x220.jpg
26,TCL 55P635,Шифра: 76123,"37,999 Ден.","20,999 Ден.",-45%,https://setec.mk/tcl-55p63576123,https://setec.mk/image/cache/catalog/Product/76123_0-220x220.jpg
27,TCL 55P635,Шифра: 76123,"37,999 Ден.","20,999 Ден.",-45%,https://setec.mk/tcl-55p63576123,https://setec.mk/image/cache/catalog/Product/76123_0-220x220.jpg
28,TCL 55P635,Шифра: 76123,"37,999 Ден.","20,999 Ден.",-45%,https://setec.mk/tcl-55p63576123,https://setec.mk/image/cache/catalog/Product/76123_0-220x220.jpg
29,TCL 55P635,Шифра: 76123,"37,999 Ден.","20,999 Ден.",-45%,https://setec.mk/tcl-55p63576123,https://setec.mk/image/cache/catalog/Product/76123_0-220x220.jpg
30,TCL 55P635,Шифра: 76123,"37,999 Ден.","20,999 Ден.",-45%,https://setec.mk/tcl-55p63576123,https://setec.mk/image/cache/catalog/Product/76123_0-220x220.jpg
31,TCL 55P635,Шифра: 76123,"37,999 Ден.","20,999 Ден.",-45%,https://setec.mk/tcl-55p63576123,https://setec.mk/image/cache/catalog/Product/76123_0-220x220.jpg
32,TCL 55P635,Шифра: 76123,"37,999 Ден.","20,999 Ден.",-45%,https://setec.mk/tcl-55p63576123,https://setec.mk/image/cache/catalog/Product/76123_0-220x220.jpg
33,TCL 55P635,Шифра: 76123,"37,999 Ден.","20,999 Ден.",-45%,https://setec.mk/tcl-55p63576123,https://setec.mk/image/cache/catalog/Product/76123_0-220x220.jpg
34,TCL 55P635,Шифра: 76123,"37,999 Ден.","20,999 Ден.",-45%,https://setec.mk/tcl-55p63576123,https://setec.mk/image/cache/catalog/Product/76123_0-220x220.jpg
35,TCL 55P635,Шифра: 76123,"37,999 Ден.","20,999 Ден.",-45%,https://setec.mk/tcl-55p63576123,https://setec.mk/image/cache/catalog/Product/76123_0-220x220.jpg
36,TCL 55P635,Шифра: 76123,"37,999 Ден.","20,999 Ден.",-45%,https://setec.mk/tcl-55p63576123,https://setec.mk/image/cache/catalog/Product/76123_0-220x220.jpg
37,TCL 55P635,Шифра: 76123,"37,999 Ден.","20,999 Ден.",-45%,https://setec.mk/tcl-55p63576123,https://setec.mk/image/cache/catalog/Product/76123_0-220x220.jpg
38,TCL 55P635,Шифра: 76123,"37,999 Ден.","20,999 Ден.",-45%,https://setec.mk/tcl-55p63576123,https://setec.mk/image/cache/catalog/Product/76123_0-220x220.jpg
39,TCL 55P635,Шифра: 76123,"37,999 Ден.","20,999 Ден.",-45%,https://setec.mk/tcl-55p63576123,https://setec.mk/image/cache/catalog/Product/76123_0-220x220.jpg
40,TCL 55P635,Шифра: 76123,"37,999 Ден.","20,999 Ден.",-45%,https://setec.mk/tcl-55p63576123,https://setec.mk/image/cache/catalog/Product/76123_0-220x220.jpg
41,TCL 55P635,Шифра: 76123,"37,999 Ден.","20,999 Ден.",-45%,https://setec.mk/tcl-55p63576123,https://setec.mk/image/cache/catalog/Product/76123_0-220x220.jpg
42,TCL 55P635,Шифра: 76123,"37,999 Ден.","20,999 Ден.",-45%,https://setec.mk/tcl-55p63576123,https://setec.mk/image/cache/catalog/Product/76123_0-220x220.jpg
43,TCL 55P635,Шифра: 76123,"37,999 Ден.","20,999 Ден.",-45%,https://setec.mk/tcl-55p63576123,https://setec.mk/image/cache/catalog/Product/76123_0-220x220.jpg
44,TCL 55P635,Шифра: 76123,"37,999 Ден.","20,999 Ден.",-45%,https://setec.mk/tcl-55p63576123,https://setec.mk/image/cache/catalog/Product/76123_0-220x220.jpg
45,TCL 55P635,Шифра: 76123,"37,999 Ден.","20,999 Ден.",-45%,https://setec.mk/tcl-55p63576123,https://setec.mk/image/cache/catalog/Product/76123_0-220x220.jpg
46,TCL 55P635,Шифра: 76123,"37,999 Ден.","20,999 Ден.",-45%,https://setec.mk/tcl-55p63576123,https://setec.mk/image/cache/catalog/Product/76123_0-220x220.jpg
47,TCL 55P635,Шифра: 76123,"37,999 Ден.","20,999 Ден.",-45%,https://setec.mk/tcl-55p63576123,https://setec.mk/image/cache/catalog/Product/76123_0-220x220.jpg
48,TCL 55P635,Шифра: 76123,"37,999 Ден.","20,999 Ден.",-45%,https://setec.mk/tcl-55p63576123,https://setec.mk/image/cache/catalog/Product/76123_0-220x220.jpg
49,TCL 55P635,Шифра: 76123,"37,999 Ден.","20,999 Ден.",-45%,https://setec.mk/tcl-55p63576123,https://setec.mk/image/cache/catalog/Product/76123_0-220x220.jpg
50,TCL 55P635,Шифра: 76123,"37,999 Ден.","20,999 Ден.",-45%,https://setec.mk/tcl-55p63576123,https://setec.mk/image/cache/catalog/Product/76123_0-220x220.jpg
51,TCL 55P635,Шифра: 76123,"37,999 Ден.","20,999 Ден.",-45%,https://setec.mk/tcl-55p63576123,https://setec.mk/image/cache/catalog/Product/76123_0-220x220.jpg
52,TCL 55P635,Шифра: 76123,"37,999 Ден.","20,999 Ден.",-45%,https://setec.mk/tcl-55p63576123,https://setec.mk/image/cache/catalog/Product/76123_0-220x220.jpg
53,TCL 55P635,Шифра: 76123,"37,999 Ден.","20,999 Ден.",-45%,https://setec.mk/tcl-55p63576123,https://setec.mk/image/cache/catalog/Product/76123_0-220x220.jpg
54,TCL 55P635,Шифра: 76123,"37,999 Ден.","20,999 Ден.",-45%,https://setec.mk/tcl-55p63576123,https://setec.mk/image/cache/catalog/Product/76123_0-220x220.jpg
55,TCL 55P635,Шифра: 76123,"37,999 Ден.","20,999 Ден.",-45%,https://setec.mk/tcl-55p63576123,https://setec.mk/image/cache/catalog/Product/76123_0-220x220.jpg
56,TCL 55P635,Шифра: 76123,"37,999 Ден.","20,999 Ден.",-45%,https://setec.mk/tcl-55p63576123,https://setec.mk/image/cache/catalog/Product/76123_0-220x220.jpg
57,TCL 55P635,Шифра: 76123,"37,999 Ден.","20,999 Ден.",-45%,https://setec.mk/tcl-55p63576123,https://setec.mk/image/cache/catalog/Product/76123_0-220x220.jpg
58,TCL 55P635,Шифра: 76123,"37,999 Ден.","20,999 Ден.",-45%,https://setec.mk/tcl-55p63576123,https://setec.mk/image/cache/catalog/Product/76123_0-220x220.jpg
59,TCL 55P635,Шифра: 76123,"37,999 Ден.","20,999 Ден.",-45%,https://setec.mk/tcl-55p63576123,https://setec.mk/image/cache/catalog/Product/76123_0-220x220.jpg
60,TCL 55P635,Шифра: 76123,"37,999 Ден.","20,999 Ден.",-45%,https://setec.mk/tcl-55p63576123,https://setec.mk/image/cache/catalog/Product/76123_0-220x220.jpg
61,TCL 55P635,Шифра: 76123,"37,999 Ден.","20,999 Ден.",-45%,https://setec.mk/tcl-55p63576123,https://setec.mk/image/cache/catalog/Product/76123_0-220x220.jpg
62,TCL 55P635,Шифра: 76123,"37,999 Ден.","20,999 Ден.",-45%,https://setec.mk/tcl-55p63576123,https://setec.mk/image/cache/catalog/Product/76123_0-220x220.jpg
63,TCL 55P635,Шифра: 76123,"37,999 Ден.","20,999 Ден.",-45%,https://setec.mk/tcl-55p63576123,https://setec.mk/image/cache/catalog/Product/76123_0-220x220.jpg
64,TCL 55P635,Шифра: 76123,"37,999 Ден.","20,999 Ден.",-45%,https://setec.mk/tcl-55p63576123,https://setec.mk/image/cache/catalog/Product/76123_0-220x220.jpg
65,TCL 55P635,Шифра: 76123,"37,999 Ден.","20,999 Ден.",-45%,https://setec.mk/tcl-55p63576123,https://setec.mk/image/cache/catalog/Product/76123_0-220x220.jpg
66,TCL 55P635,Шифра: 76123,"37,999 Ден.","20,999 Ден.",-45%,https://setec.mk/tcl-55p63576123,https://setec.mk/image/cache/catalog/Product/76123_0-220x220.jpg
67,TCL 55P635,Шифра: 76123,"37,999 Ден.","20,999 Ден.",-45%,https://setec.mk/tcl-55p63576123,https://setec.mk/image/cache/catalog/Product/76123_0-220x220.jpg
68,TCL 55P635,Шифра: 76123,"37,999 Ден.","20,999 Ден.",-45%,https://setec.mk/tcl-55p63576123,https://setec.mk/image/cache/catalog/Product/76123_0-220x220.jpg
69,TCL 55P635,Шифра: 76123,"37,999 Ден.","20,999 Ден.",-45%,https://setec.mk/tcl-55p63576123,https://setec.mk/image/cache/catalog/Product/76123_0-220x220.jpg
70,TCL 55P635,Шифра: 76123,"37,999 Ден.","20,999 Ден.",-45%,https://setec.mk/tcl-55p63576123,https://setec.mk/image/cache/catalog/Product/76123_0-220x220.jpg
71,TCL 55P635,Шифра: 76123,"37,999 Ден.","20,999 Ден.",-45%,https://setec.mk/tcl-55p63576123,https://setec.mk/image/cache/catalog/Product/76123_0-220x220.jpg
72,TCL 55P635,Шифра: 76123,"37,999 Ден.","20,999 Ден.",-45%,https://setec.mk/tcl-55p63576123,https://setec.mk/image/cache/catalog/Product/76123_0-220x220.jpg
73,TCL 55P635,Шифра: 76123,"37,999 Ден.","20,999 Ден.",-45%,https://setec.mk/tcl-55p63576123,https://setec.mk/image/cache/catalog/Product/76123_0-220x220.jpg
74,TCL 55P635,Шифра: 76123,"37,999 Ден.","20,999 Ден.",-45%,https://setec.mk/tcl-55p63576123,https://setec.mk/image/cache/catalog/Product/76123_0-220x220.jpg
75,TCL 55P635,Шифра: 76123,"37,999 Ден.","20,999 Ден.",-45%,https://setec.mk/tcl-55p63576123,https://setec.mk/image/cache/catalog/Product/76123_0-220x220.jpg
76,TCL 55P635,Шифра: 76123,"37,999 Ден.","20,999 Ден.",-45%,https://setec.mk/tcl-55p63576123,https://setec.mk/image/cache/catalog/Product/76123_0-220x220.jpg
77,TCL 55P635,Шифра: 76123,"37,999 Ден.","20,999 Ден.",-45%,https://setec.mk/tcl-55p63576123,https://setec.mk/image/cache/catalog/Product/76123_0-220x220.jpg
78,TCL 55P635,Шифра: 76123,"37,999 Ден.","20,999 Ден.",-45%,https://setec.mk/tcl-55p63576123,https://setec.mk/image/cache/catalog/Product/76123_0-220x220.jpg
79,TCL 55P635,Шифра: 76123,"37,999 Ден.","20,999 Ден.",-45%,https://setec.mk/tcl-55p63576123,https://setec.mk/image/cache/catalog/Product/76123_0-220x220.jpg
80,TCL 55P635,Шифра: 76123,"37,999 Ден.","20,999 Ден.",-45%,https://setec.mk/tcl-55p63576123,https://setec.mk/image/cache/catalog/Product/76123_0-220x220.jpg
81,TCL 55P635,Шифра: 76123,"37,999 Ден.","20,999 Ден.",-45%,https://setec.mk/tcl-55p63576123,https://setec.mk/image/cache/catalog/Product/76123_0-220x220.jpg
82,TCL 55P635,Шифра: 76123,"37,999 Ден.","20,999 Ден.",-45%,https://setec.mk/tcl-55p63576123,https://setec.mk/image/cache/catalog/Product/76123_0-220x220.jpg
83,TCL 55P635,Шифра: 76123,"37,999 Ден.","20,999 Ден.",-45%,https://setec.mk/tcl-55p63576123,https://setec.mk/image/cache/catalog/Product/76123_0-220x220.jpg
84,TCL 55P635,Шифра: 76123,"37,999 Ден.","20,999 Ден.",-45%,https://setec.mk/tcl-55p63576123,https://setec.mk/image/cache/catalog/Product/76123_0-220x220.jpg
85,TCL 55P635,Шифра: 76123,"37,999 Ден.","20,999 Ден.",-45%,https://setec.mk/tcl-55p63576123,https://setec.mk/image/cache/catalog/Product/76123_0-220x220.jpg
86,TCL 55P635,Шифра: 76123,"37,999 Ден.","20,999 Ден.",-45%,https://setec.mk/tcl-55p63576123,https://setec.mk/image/cache/catalog/Product/76123_0-220x220.jpg
87,TCL 55P635,Шифра: 76123,"37,999 Ден.","20,999 Ден.",-45%,https://setec.mk/tcl-55p63576123,https://setec.mk/image/cache/catalog/Product/76123_0-220x220.jpg
88,TCL 55P635,Шифра: 76123,"37,999 Ден.","20,999 Ден.",-45%,https://setec.mk/tcl-55p63576123,https://setec.mk/image/cache/catalog/Product/76123_0-220x220.jpg
89,TCL 55P635,Шифра: 76123,"37,999 Ден.","20,999 Ден.",-45%,https://setec.mk/tcl-55p63576123,https://setec.mk/image/cache/catalog/Product/76123_0-220x220.jpg
90,TCL 55P635,Шифра: 76123,"37,999 Ден.","20,999 Ден.",-45%,https://setec.mk/tcl-55p63576123,https://setec.mk/image/cache/catalog/Product/76123_0-220x220.jpg
91,TCL 55P635,Шифра: 76123,"37,999 Ден.","20,999 Ден.",-45%,https://setec.mk/tcl-55p63576123,https://setec.mk/image/cache/catalog/Product/76123_0-220x220.jpg
92,TCL 55P635,Шифра: 76123,"37,999 Ден.","20,999 Ден.",-45%,https://setec.mk/tcl-55p63576123,https://setec.mk/image/cache/catalog/Product/76123_0-220x220.jpg
93,TCL 55P635,Шифра: 76123,"37,999 Ден.","20,999 Ден.",-45%,https://setec.mk/tcl-55p63576123,https://setec.mk/image/cache/catalog/Product/76123_0-220x220.jpg
94,TCL 55P635,Шифра: 76123,"37,999 Ден.","20,999 Ден.",-45%,https://setec.mk/tcl-55p63576123,https://setec.mk/image/cache/catalog/Product/76123_0-220x220.jpg
95,TCL 55P635,Шифра: 76123,"37,999 Ден.","20,999 Ден.",-45%,https://setec.mk/tcl-55p63576123,https://setec.mk/image/cache/catalog/Product/76123_0-220x220.jpg
96,TCL 55P635,Шифра: 76123,"37,999 Ден.","20,999 Ден.",-45%,https://setec.mk/tcl-55p63576123,https://setec.mk/image/cache/catalog/Product/76123_0-220x220.jpg
97,TCL 55P635,Шифра: 76123,"37,999 Ден.","20,999 Ден.",-45%,https://setec.mk/tcl-55p63576123,https://setec.mk/image/cache/catalog/Product/76123_0-220x220.jpg
98,TCL 55P635,Шифра: 76123,"37,999 Ден.","20,999 Ден.",-45%,https://setec.mk/tcl-55p63576123,https://setec.mk/image/cache/catalog/Product/76123_0-220x220.jpg
99,TCL 55P635,Шифра: 76123,"37,999 Ден.","20,999 Ден.",-45%,https://setec.mk/tcl-55p63576123,https://setec.mk/image/cache/catalog/Product/76123_0-220x220.jpg
100,TCL 55P635,Шифра: 76123,"37,999 Ден.","20,999 Ден.",-45%,https://setec.mk/tcl-55p63576123,https://setec.mk/image/cache/catalog/Product/76123_0-220x220.jpg
101,TCL 55P635,Шифра: 76123,"37,999 Ден.","20,999 Ден.",-45%,https://setec.mk/tcl-55p63576123,https://setec.mk/image/cache/catalog/Product/76123_0-220x220.jpg
102,TCL 55P635,Шифра: 76123,"37,999 Ден.","20,999 Ден.",-45%,https://setec.mk/tcl-55p63576123,https://setec.mk/image/cache/catalog/Product/76123_0-220x220.jpg
103,TCL 55P635,Шифра: 76123,"37,999 Ден.","20,999 Ден.",-45%,https://setec.mk/tcl-55p63576123,https://setec.mk/image/cache/catalog/Product/76123_0-220x220.jpg
104,TCL 55P635,Шифра: 76123,"37,999 Ден.","20,999 Ден.",-45%,https://setec.mk/tcl-55p63576123,https://setec.mk/image/cache/catalog/Product/76123_0-220x220.jpg
105,TCL 55P635,Шифра: 76123,"37,999 Ден.","20,999 Ден.",-45%,https://setec.mk/tcl-55p63576123,https://setec.mk/image/cache/catalog/Product/76123_0-220x220.jpg
106,TCL 55P635,Шифра: 76123,"37,999 Ден.","20,999 Ден.",-45%,https://setec.mk/tcl-55p63576123,https://setec.mk/image/cache/catalog/Product/76123_0-220x220.jpg
107,TCL 55P635,Шифра: 76123,"37,999 Ден.","20,999 Ден.",-45%,https://setec.mk/tcl-55p63576123,https://setec.mk/image/cache/catalog/Product/76123_0-220x220.jpg
108,TCL 55P635,Шифра: 76123,"37,999 Ден.","20,999 Ден.",-45%,https://setec.mk/tcl-55p63576123,https://setec.mk/image/cache/catalog/Product/76123_0-220x220.jpg
109,TCL 55P635,Шифра: 76123,"37,999 Ден.","20,999 Ден.",-45%,https://setec.mk/tcl-55p63576123,https://setec.mk/image/cache/catalog/Product/76123_0-220x220.jpg
110,TCL 55P635,Шифра: 76123,"37,999 Ден.","20,999 Ден.",-45%,https://setec.mk/tcl-55p63576123,https://setec.mk/image/cache/catalog/Product/76123_0-220x220.jpg
111,TCL 55P635,Шифра: 76123,"37,999 Ден.","20,999 Ден.",-45%,https://setec.mk/tcl-55p63576123,https://setec.mk/image/cache/catalog/Product/76123_0-220x220.jpg
112,TCL 55P635,Шифра: 76123,"37,999 Ден.","20,999 Ден.",-45%,https://setec.mk/tcl-55p63576123,https://setec.mk/image/cache/catalog/Product/76123_0-220x220.jpg
113,TCL 55P635,Шифра: 76123,"37,999 Ден.","20,999 Ден.",-45%,https://setec.mk/tcl-55p63576123,https://setec.mk/image/cache/catalog/Product/76123_0-220x220.jpg
114,TCL 55P635,Шифра: 76123,"37,999 Ден.","20,999 Ден.",-45%,https://setec.mk/tcl-55p63576123,https://setec.mk/image/cache/catalog/Product/76123_0-220x220.jpg
